DELETE FROM comments;
DELETE FROM news_author;
DELETE FROM news_tag;
DELETE FROM tag;
DELETE FROM author;
DELETE FROM news;
DELETE FROM roles;
DELETE FROM users;

INSERT INTO news (NEWS_ID,TITLE,SHORT_TEXT,FULL_TEXT,CREATION_DATE,MODIFICATION_DATE) VALUES(news_seq.NEXTVAL,'title 1','short text 1','full text 1',to_timestamp('12-AUG-16 06.15.18.007000000 AM','DD-MON-RR HH.MI.SSXFF AM'),to_date('11-AUG-15','DD-MON-RR'));
INSERT INTO news (NEWS_ID,TITLE,SHORT_TEXT,FULL_TEXT,CREATION_DATE,MODIFICATION_DATE) VALUES(news_seq.NEXTVAL,'title 2','short text 2','full text 2',to_timestamp('12-AUG-16 06.15.18.007000000 AM','DD-MON-RR HH.MI.SSXFF AM'),to_date('11-AUG-15','DD-MON-RR'));
INSERT INTO news (NEWS_ID,TITLE,SHORT_TEXT,FULL_TEXT,CREATION_DATE,MODIFICATION_DATE) VALUES(news_seq.NEXTVAL,'title 3','short text 3','full text 3',to_timestamp('12-AUG-16 06.15.18.007000000 AM','DD-MON-RR HH.MI.SSXFF AM'),to_date('11-AUG-15','DD-MON-RR'));
INSERT INTO news (NEWS_ID,TITLE,SHORT_TEXT,FULL_TEXT,CREATION_DATE,MODIFICATION_DATE) VALUES(news_seq.NEXTVAL,'title 4','short text 4','full text 4',to_timestamp('12-AUG-16 06.15.18.007000000 AM','DD-MON-RR HH.MI.SSXFF AM'),to_date('11-AUG-15','DD-MON-RR'));
INSERT INTO news (NEWS_ID,TITLE,SHORT_TEXT,FULL_TEXT,CREATION_DATE,MODIFICATION_DATE) VALUES(news_seq.NEXTVAL,'title 5','short text 5','full text 5',to_timestamp('12-AUG-16 06.15.18.007000000 AM','DD-MON-RR HH.MI.SSXFF AM'),to_date('11-AUG-15','DD-MON-RR'));

INSERT INTO comments (COMMENT_ID,NEWS_ID,COMMENT_TEXT,CREATION_DATE) VALUES(comments_seq.NEXTVAL,1,'comment text 1',to_timestamp('13-AUG-17 06.15.18.007000000','DD-MON-RR HH.MI.SSXFF AM'));
INSERT INTO comments (COMMENT_ID,NEWS_ID,COMMENT_TEXT,CREATION_DATE) VALUES(comments_seq.NEXTVAL,2,'comment text 2',to_timestamp('14-AUG-17 06.15.18.007000000','DD-MON-RR HH.MI.SSXFF AM'));
INSERT INTO comments (COMMENT_ID,NEWS_ID,COMMENT_TEXT,CREATION_DATE) VALUES(comments_seq.NEXTVAL,3,'comment text 3',to_timestamp('14-AUG-17 06.15.18.007000000','DD-MON-RR HH.MI.SSXFF AM'));
INSERT INTO comments (COMMENT_ID,NEWS_ID,COMMENT_TEXT,CREATION_DATE) VALUES(comments_seq.NEXTVAL,4,'comment text 4',to_timestamp('14-AUG-17 06.15.18.007000000','DD-MON-RR HH.MI.SSXFF AM'));
INSERT INTO comments (COMMENT_ID,NEWS_ID,COMMENT_TEXT,CREATION_DATE) VALUES(comments_seq.NEXTVAL,5,'comment text 5',to_timestamp('14-AUG-17 06.15.18.007000000','DD-MON-RR HH.MI.SSXFF AM'));
INSERT INTO comments (COMMENT_ID,NEWS_ID,COMMENT_TEXT,CREATION_DATE) VALUES(comments_seq.NEXTVAL,1,'comment text 6',to_timestamp('14-AUG-17 06.15.18.007000000','DD-MON-RR HH.MI.SSXFF AM'));


INSERT INTO tag (TAG_ID,TAG_NAME) VALUES(tag_seq.NEXTVAL,'tag1');
INSERT INTO tag (TAG_ID,TAG_NAME) VALUES(tag_seq.NEXTVAL,'tag2');
INSERT INTO tag (TAG_ID,TAG_NAME) VALUES(tag_seq.NEXTVAL,'tag3');
INSERT INTO tag (TAG_ID,TAG_NAME) VALUES(tag_seq.NEXTVAL,'tag4');
INSERT INTO tag (TAG_ID,TAG_NAME) VALUES(tag_seq.NEXTVAL,'tag5');

INSERT INTO author (AUTHOR_ID,AUTHOR_NAME,EXPIRED) VALUES(author_seq.NEXTVAL,'NAME1',to_timestamp('14-AUG-15 06.15.18.007000000','DD-MON-RR HH.MI.SSXFF AM'));
INSERT INTO author (AUTHOR_ID,AUTHOR_NAME,EXPIRED) VALUES(author_seq.NEXTVAL,'NAME2',to_timestamp('05-SEP-15 06.15.18.007000000','DD-MON-RR HH.MI.SSXFF AM'));
INSERT INTO author (AUTHOR_ID,AUTHOR_NAME,EXPIRED) VALUES(author_seq.NEXTVAL,'NAME3',to_timestamp('10-SEP-15 06.15.18.007000000','DD-MON-RR HH.MI.SSXFF AM'));
INSERT INTO author (AUTHOR_ID,AUTHOR_NAME,EXPIRED) VALUES(author_seq.NEXTVAL,'NAME4',to_timestamp('21-NOV-15 06.15.18.007000000','DD-MON-RR HH.MI.SSXFF AM'));
INSERT INTO author (AUTHOR_ID,AUTHOR_NAME,EXPIRED) VALUES(author_seq.NEXTVAL,'NAME5',to_timestamp('15-AUG-15 06.15.18.007000000','DD-MON-RR HH.MI.SSXFF AM'));

INSERT INTO news_author (NEWS_ID,AUTHOR_ID) VALUES(1,1);
INSERT INTO news_author (NEWS_ID,AUTHOR_ID) VALUES(2,2);
INSERT INTO news_author (NEWS_ID,AUTHOR_ID) VALUES(3,3);
INSERT INTO news_author (NEWS_ID,AUTHOR_ID) VALUES(4,4);
INSERT INTO news_author (NEWS_ID,AUTHOR_ID) VALUES(5,5);


INSERT INTO news_tag (NEWS_ID,TAG_ID) VALUES(1,1);
INSERT INTO news_tag (NEWS_ID,TAG_ID) VALUES(1,2);
INSERT INTO news_tag (NEWS_ID,TAG_ID) VALUES(3,3);
INSERT INTO news_tag (NEWS_ID,TAG_ID) VALUES(4,4);
INSERT INTO news_tag (NEWS_ID,TAG_ID) VALUES(5,5);


INSERT INTO USERS (USER_ID,USER_NAME,LOGIN,PASSWORD) VALUES(USERS_SEQ.NEXTVAL,'username 1','login1','qwerty1');
INSERT INTO USERS (USER_ID,USER_NAME,LOGIN,PASSWORD) VALUES(USERS_SEQ.NEXTVAL,'username 2','login2','qwerty2');
INSERT INTO USERS (USER_ID,USER_NAME,LOGIN,PASSWORD) VALUES(USERS_SEQ.NEXTVAL,'username 3','login3','qwerty3');
INSERT INTO USERS (USER_ID,USER_NAME,LOGIN,PASSWORD) VALUES(USERS_SEQ.NEXTVAL,'username 4','login4','qwerty4');
INSERT INTO USERS (USER_ID,USER_NAME,LOGIN,PASSWORD) VALUES(USERS_SEQ.NEXTVAL,'username 4','admin','admin');
INSERT INTO USERS (USER_ID,USER_NAME,LOGIN,PASSWORD) VALUES(USERS_SEQ.NEXTVAL,'username 6','admin1','admin1');


INSERT INTO ROLES (USER_ID,ROLE_NAME) VALUES(1,'reader');
INSERT INTO ROLES (USER_ID,ROLE_NAME) VALUES(2,'reader');
INSERT INTO ROLES (USER_ID,ROLE_NAME) VALUES(3,'reader');
INSERT INTO ROLES (USER_ID,ROLE_NAME) VALUES(4,'reader');
INSERT INTO ROLES (USER_ID,ROLE_NAME) VALUES(5,'admin');


